X1080#4,10.121.45.194
X1080#1,10.121.45.199
X1080#2,10.121.45.200
X1080#3,10.121.45.201
301#1,10.119.160.102
301#2,10.119.160.103
302#1,10.119.162.242
302#10,10.119.161.144
302#11,10.119.161.145
302#2,10.119.162.243
302#3,10.119.162.244
302#4,10.119.162.245
302#5,10.119.162.246
302#6,10.119.162.247
302#7,10.119.162.248
302#8,10.119.162.249
302#9,10.119.161.143
304#1,10.119.160.237
304#10,10.119.161.31
304#11,10.119.165.190
304#2,10.119.160.238
304#3,10.119.160.239
304#4,10.119.160.240
304#5,10.119.160.241
304#6,10.119.160.242
304#7,10.119.160.243
304#8,10.119.160.244
305#1,10.119.162.97
305#10,10.119.162.106
305#11,10.119.162.107
305#2,10.119.162.98
305#3,10.119.159.46
305#4,10.119.162.108
305#5,10.119.162.101
305#6,10.119.162.102
305#7,10.119.162.103
305#8,10.119.162.104
306#1,10.119.161.108
306#10,10.119.161.86
306#11,10.119.162.43
306#2,10.119.161.98
306#4,10.119.161.96
306#5,10.119.161.95
306#7,10.119.161.89
306#8,10.119.161.88
401#1,10.121.41.195
401#10,10.121.41.162
401#11,10.121.41.163
401#12,10.121.41.164
401#2,10.121.41.154
401#3,10.121.41.155
401#4,10.121.41.196
401#5,10.121.41.157
401#6,10.121.41.158
401#7,10.121.41.197
401#8,10.121.41.160
401#9,10.121.41.161
402#1,10.121.42.161
402#10,10.121.42.166
402#11,10.121.42.167
402#12,10.121.42.168
402#2,10.121.42.162
402#3,10.121.42.163
402#4,10.121.42.164
402#5,10.121.42.203
402#6,10.121.42.97
402#7,10.121.42.201
402#8,10.121.42.202
402#9,10.121.42.165
403#1,10.121.42.71
403#10,10.121.42.80
403#11,10.121.42.81
403#12,10.121.42.82
403#2,10.121.42.72
403#3,10.121.42.73
403#4,10.121.42.74
403#5,10.121.42.75
403#6,10.121.42.76
403#7,10.121.42.77
403#8,10.121.42.78
403#9,10.121.42.79
404#1,10.121.43.77
404#10,10.121.43.86
404#11,10.121.43.87
404#12,10.121.43.88
404#2,10.121.43.78
404#3,10.121.43.79
404#4,10.121.43.80
404#5,10.121.43.81
404#6,10.121.43.82
404#7,10.121.43.83
404#8,10.121.43.84
404#9,10.121.43.85
405#1,10.121.41.73
405#10,10.121.41.82
405#11,10.121.41.83
405#12,10.121.41.108
405#2,10.121.41.74
405#3,10.121.41.75
405#4,10.121.41.76
405#5,10.121.41.77
405#6,10.121.41.78
405#7,10.121.41.79
405#8,10.121.41.80
405#9,10.121.41.81
406#3,10.121.43.148
406#4,10.121.43.157
406#7,10.121.43.166
406#8,10.121.43.168
406#11,10.121.43.171
406#12,10.121.43.192
406#1,10.121.43.144
406#2,10.121.43.145
406#5,10.121.43.158
406#6,10.121.43.164
406#9,10.121.43.169
406#10,10.121.43.170
501#1,10.121.51.198
501#2,10.121.51.199
501#5,10.121.51.200
501#6,10.121.51.201
501#9,10.121.51.202
501#10,10.121.51.203
501#12,10.121.51.204
501#11,10.121.51.205
501#8,10.121.51.206
501#7,10.121.51.207
501#4,10.121.51.208
501#3,10.121.51.209
502#1,10.121.51.212
502#2,10.121.51.213
502#5,10.121.51.216
502#6,10.121.51.217
502#9,10.121.51.220
502#10,10.121.51.221
502#12,10.121.51.223
502#11,10.121.51.222
502#8,10.121.51.219
502#7,10.121.51.218
502#4,10.121.51.215
502#3,10.121.51.214
503#1,10.121.52.178
503#2,10.121.52.179
503#5,10.121.52.182
503#6,10.121.52.183
503#9,10.121.52.186
503#10,10.121.52.187
503#12,10.121.52.189
503#11,10.121.52.188
503#8,10.121.52.185
503#7,10.121.52.184
503#4,10.121.52.181
503#3,10.121.52.180
303#1,10.119.161.186
303#2,10.119.161.187
303#3,10.119.161.188
303#4,10.119.161.189
303#5,10.119.161.190
303#6,10.119.161.94
303#7,10.119.161.192
303#8,10.119.161.193
303#9,10.119.161.194
303#10,10.119.161.195
303#11,10.119.161.196
H24F PGIB#1,10.121.45.149
H24F PGIB#2,10.121.41.217
H24F PGIB#4,10.121.44.122
H24F PGIB#8,10.121.45.243
H24F PGIB#9,10.121.46.104
H24F MGIB#2,10.121.44.178
H24F MGIB#3,10.121.45.244
H24F MGIB#4,10.121.41.186
504#1,10.121.52.208
504#2,10.121.52.209
504#3,10.121.52.140
504#4,10.121.52.141
504#5,10.121.52.210
504#6,10.121.52.211
504#7,10.121.52.142
504#8,10.121.53.200
504#9,10.121.52.152
504#10,10.121.52.213
504#11,10.121.52.143
504#12,10.121.53.201
H25F GIB#501-1,10.121.53.155
H25F GIB#501-2,10.121.53.156
H25F GIB#502-1,10.121.54.172
H25F GIB#502-2,10.121.54.173
H25F GIB#502-3,10.121.54.174
H25F GIB#502-3,10.121.54.175
H25F GIB#503-1,10.121.54.73
H25F GIB#503-2,10.121.54.74
H25F GIB#504-1,10.121.54.90
H25F GIB#504-2,10.121.54.91
H25F GIB#504-3,10.121.54.92
H25F GIB#504-4,10.121.54.93
