301L_1st_#1,10.119.136.224
301L_1st_#2,10.119.136.201
301L_1st_#3,10.119.136.202
301L_1st_#4,10.119.136.223
301L_1st_#5,10.119.136.222
301L_1st_#6,10.119.136.203
301L_1st_#7,10.119.136.221
301L_1st_#8,10.119.136.204
301L_1st_#9,10.119.136.205
301L_1st_#10,10.119.136.220
301L_1st_#11,10.119.136.219
301L_1st_#12,10.119.136.206
301L_1st_#13,10.119.136.207
301L_2nd_#1,10.119.136.218
301L_2nd_#2,10.119.136.217
301L_2nd_#3,10.119.136.208
301L_2nd_#4,10.119.136.209
301L_2nd_#5,10.119.136.216
301L_2nd_#6,10.119.136.215
301L_2nd_#7,10.119.136.210
301L_2nd_#8,10.119.136.211
301L_2nd_#9,10.119.136.214
301L_2nd_#10,10.119.136.213
301L_2nd_#11,10.119.136.212
302L_1st_#1,10.119.161.145
302L_1st_#2,10.119.159.88
302L_1st_#3,10.119.159.126
302L_1st_#4,10.119.159.127
302L_1st_#5,10.119.162.244
302L_1st_#6,10.119.159.128
302L_1st_#7,10.119.159.131
302L_1st_#8,10.119.159.133
302L_1st_#9,10.119.159.159
302L_1st_#10,10.119.159.180
302L_1st_#11,10.119.159.181
302L_1st_#12,10.119.159.182
302L_1st_#13,10.119.159.191
302L_2nd_#1,10.119.159.230
302L_2nd_#2,10.119.161.196
302L_2nd_#3,10.119.159.192
302L_2nd_#4,10.119.159.223
302L_2nd_#5,10.119.160.31
302L_2nd_#6,10.119.160.33
302L_2nd_#7,10.119.159.234
302L_2nd_#8,10.119.159.235
302L_2nd_#9,10.119.160.47
302L_2nd_#10,10.119.160.40
302L_2nd_#11,10.119.160.41
303L_1st_#1,10.119.161.62
303L_1st_#2,10.119.161.214
303L_1st_#3,10.119.161.220
303L_1st_#4,10.119.161.234
303L_1st_#5,10.119.161.235
303L_1st_#6,10.119.161.115
303L_1st_#7,10.119.161.246
303L_1st_#8,10.119.161.248
303L_1st_#9,10.119.161.249
303L_1st_#10,10.119.162.33
303L_1st_#11,10.119.161.130
303L_1st_#12,10.119.162.34
303L_1st_#13,10.119.162.36
303L_2nd_#1,10.119.162.37
303L_2nd_#2,10.119.162.39
303L_2nd_#3,10.119.162.40
303L_2nd_#4,10.119.162.49
303L_2nd_#5,10.119.162.55
303L_2nd_#6,10.119.162.59
303L_2nd_#7,10.119.162.60
303L_2nd_#8,10.119.162.189
303L_2nd_#9,10.119.162.63
303L_2nd_#10,10.119.162.65
303L_2nd_#11,10.119.162.66
304L_1st_#1,10.119.212.215
304L_1st_#2,10.119.212.216
304L_1st_#3,10.119.212.217
304L_1st_#4,10.119.212.218
304L_1st_#5,10.119.212.219
304L_1st_#6,10.119.212.220
304L_1st_#7,10.119.212.221
304L_1st_#8,10.119.212.222
304L_1st_#10,10.119.212.223
304L_1st_#11,10.119.212.224
304L_1st_#12,10.119.212.225
304L_1st_#13,10.119.212.226
304L_2nd_#1,10.119.212.228
304L_2nd_#2,10.119.212.229
304L_2nd_#3,10.119.212.230
304L_2nd_#4,10.119.212.231
304L_2nd_#5,10.119.212.232
304L_2nd_#6,10.119.212.233
304L_2nd_#7,10.119.212.254
304L_2nd_#8,10.119.212.234
304L_2nd_#9,10.119.212.27
304L_2nd_#10,10.119.212.235
304L_2nd_#11,10.119.212.28
305L_1st_#1,10.119.212.156
305L_1st_#2,10.119.212.175
305L_1st_#3,10.119.212.157
305L_1st_#4,10.119.212.158
305L_1st_#5,10.119.212.159
305L_1st_#6,10.119.212.160
305L_1st_#7,10.119.212.161
305L_1st_#8,10.119.212.176
305L_1st_#9,10.119.212.162
305L_1st_#10,10.119.212.163
305L_1st_#11,10.119.212.164
305L_1st_#12,10.119.212.165
305L_1st_#13,10.119.212.166
305L_2nd_#1,10.119.212.167
305L_2nd_#2,10.119.212.168
305L_2nd_#3,10.119.212.169
305L_2nd_#4,10.119.212.170
305L_2nd_#5,10.119.212.177
305L_2nd_#6,10.119.212.178
305L_2nd_#7,10.119.212.171
305L_2nd_#8,10.119.212.172
305L_2nd_#9,10.119.212.173
305L_2nd_#10,10.119.212.179
305L_2nd_#11,10.119.212.174
306L_1st_#1,10.119.133.31
306L_1st_#2,10.119.133.32
306L_1st_#3,10.119.133.43
306L_1st_#4,10.119.133.34
306L_1st_#5,10.119.133.35
306L_1st_#6,10.119.133.33
306L_1st_#7,10.119.133.36
306L_1st_#8,10.119.133.38
306L_1st_#9,10.119.133.39
306L_1st_#10,10.119.133.37
306L_1st_#11,10.119.133.41
306L_1st_#12,10.119.133.42
306L_1st_#13,10.119.133.40
306L_2nd_#1,10.119.133.44
306L_2nd_#2,10.119.133.45
306L_2nd_#3,10.119.133.46
306L_2nd_#4,10.119.133.50
306L_2nd_#5,10.119.133.48
306L_2nd_#6,10.119.133.49
306L_2nd_#7,10.119.133.47
306L_2nd_#8,10.119.133.51
306L_2nd_#9,10.119.133.52
306L_2nd_#10,10.119.133.53
306L_2nd_#11,10.119.133.54
401L_1st_#1,10.121.41.195
401L_1st_#2,10.121.41.154
401L_1st_#3,10.121.41.155
401L_1st_#4,10.121.41.196
401L_1st_#5,10.121.41.157
401L_1st_#6,10.121.41.158
401L_1st_#7,10.121.41.197
401L_1st_#8,10.121.41.37
401L_1st_#9,10.121.41.161
401L_1st_#10,10.121.41.162
401L_1st_#11,10.121.41.163
401L_1st_#12,10.121.41.164
402L_1st_#1,10.121.42.161
402L_1st_#2,10.121.42.162
402L_1st_#3,10.121.42.163
402L_1st_#4,10.121.42.164
402L_1st_#5,10.121.42.203
402L_1st_#6,10.121.42.97
402L_1st_#7,10.121.42.201
402L_1st_#8,10.121.42.202
402L_1st_#9,10.121.42.165
402L_1st_#10,10.121.42.166
402L_1st_#11,10.121.42.167
402L_1st_#12,10.121.42.168
402L_2nd_#1,10.121.41.139
402L_2nd_#2,10.121.42.171
402L_2nd_#3,10.121.42.175
402L_2nd_#4,10.121.42.206
402L_2nd_#5,10.121.42.207
402L_2nd_#6,10.121.42.208
402L_2nd_#7,10.121.43.51
402L_2nd_#8,10.121.43.76
402L_2nd_#9,10.121.43.97
402L_2nd_#10,10.121.43.198
402L_2nd_#11,10.121.8.38
402L_2nd_#12,10.121.44.71
403L_1st_#1,10.121.42.71
403L_1st_#2,10.121.42.72
403L_1st_#3,10.121.42.73
403L_1st_#4,10.121.42.74
403L_1st_#5,10.121.42.75
403L_1st_#6,10.121.42.76
403L_1st_#7,10.121.42.77
403L_1st_#8,10.121.42.78
403L_1st_#9,10.121.42.79
403L_1st_#10,10.121.42.80
403L_1st_#11,10.121.42.81
403L_1st_#12,10.121.42.82
404L_1st_#1,10.121.43.77
404L_1st_#2,10.121.43.78
404L_1st_#3,10.121.43.79
404L_1st_#4,10.121.43.80
404L_1st_#5,10.121.43.81
404L_1st_#6,10.121.43.82
404L_1st_#7,10.121.43.83
404L_1st_#8,10.121.43.84
404L_1st_#9,10.121.43.85
404L_1st_#10,10.121.43.86
404L_1st_#11,10.121.43.87
404L_1st_#12,10.121.43.88
405L_1st_#1,10.121.41.73
405L_1st_#2,10.121.41.74
405L_1st_#3,10.121.41.75
405L_1st_#4,10.121.41.76
405L_1st_#5,10.121.41.77
405L_1st_#6,10.121.41.78
405L_1st_#7,10.121.41.79
405L_1st_#8,10.121.41.80
405L_1st_#9,10.121.41.81
405L_1st_#10,10.121.41.82
405L_1st_#11,10.121.41.83
405L_1st_#12,10.121.41.108
405L_2nd_#1,10.121.43.37 
405L_2nd_#2,10.121.44.236
405L_2nd_#3,10.121.43.45
405L_2nd_#4,10.121.43.47 
405L_2nd_#5,10.121.43.48 
405L_2nd_#6,10.121.43.49 
405L_2nd_#7,10.121.43.50
405L_2nd_#8,10.121.43.53 
405L_2nd_#9,10.121.43.54 
405L_2nd_#10,10.121.43.55 
405L_2nd_#11,10.121.43.56 
405L_2nd_#12,10.121.43.62 
406L_1st_#1,10.121.43.144
406L_1st_#2,10.121.43.145
406L_1st_#3,10.121.43.148
406L_1st_#4,10.121.43.157
406L_1st_#5,10.121.43.158
406L_1st_#6,10.121.43.164
406L_1st_#7,10.121.43.166
406L_1st_#8,10.121.43.168
406L_1st_#9,10.121.43.169
406L_1st_#10,10.121.43.170
406L_1st_#11,10.121.43.171
406L_1st_#12,10.121.43.192
406L_2nd_#1,10.121.41.39
406L_2nd_#2,10.121.44.38
406L_2nd_#3,10.121.44.39
406L_2nd_#4,10.121.44.42
406L_2nd_#5,10.121.44.44
406L_2nd_#6,10.121.44.45
406L_2nd_#7,10.121.44.51
406L_2nd_#8,10.121.44.74
406L_2nd_#9,10.121.44.75
406L_2nd_#10,10.121.44.77
406L_2nd_#11,10.121.44.82
406L_2nd_#12,10.121.44.83
501_1st_#1,10.121.51.198
501_1st_#2,10.121.51.199
501_1st_#3,10.121.51.209
501_1st_#4,10.121.51.208
501_1st_#5,10.121.51.200
501_1st_#6,10.121.51.201
501_1st_#7,10.121.51.207
501_1st_#8,10.121.51.206
501_1st_#9,10.121.51.202
501_1st_#10,10.121.51.203
501_1st_#11,10.121.51.205
501_1st_#12,10.121.51.204
501_2nd_#1,10.121.51.215
501_2nd_#2,10.121.51.212
501_2nd_#3,10.121.51.222
501_2nd_#4,10.121.51.221
501_2nd_#5,10.121.51.214
501_2nd_#6,10.121.51.213
501_2nd_#7,10.121.51.220
501_2nd_#8,10.121.51.218
501_2nd_#9,10.121.51.223
501_2nd_#10,10.121.51.219
501_2nd_#11,10.121.51.217
501_2nd_#12,10.121.51.216
502_1st_#1,10.121.52.136
502_1st_#2,10.121.52.137
502_1st_#3,10.121.52.138
502_1st_#4,10.121.52.139
502_1st_#5,10.121.52.141
502_1st_#6,10.121.52.142
502_1st_#7,10.121.52.148
502_1st_#8,10.121.52.149
502_1st_#9,10.121.52.160
502_1st_#10,10.121.52.161
502_1st_#11,10.121.52.162
502_1st_#12,10.121.52.163
502_2nd_#1,10.121.52.164
502_2nd_#2,10.121.52.165
502_2nd_#3,10.121.52.166
502_2nd_#4,10.121.52.167
502_2nd_#5,10.121.52.168
502_2nd_#6,10.121.52.169
502_2nd_#7,10.121.52.170
502_2nd_#8,10.121.52.171
502_2nd_#9,10.121.52.172
502_2nd_#10,10.121.52.173
502_2nd_#11,10.121.52.174
502_2nd_#12,10.121.52.175
503_1st_#1,10.121.51.114
503_1st_#2,10.121.51.115
503_1st_#3,10.121.51.116
503_1st_#4,10.121.51.117
503_1st_#5,10.121.51.118
503_1st_#6,10.121.51.119
503_1st_#7,10.121.51.120
503_1st_#8,10.121.51.121
503_1st_#9,10.121.51.122
503_1st_#10,10.121.51.123
503_1st_#11,10.121.51.124
503_1st_#12,10.121.51.125
503_2nd_#1,10.121.51.126
503_2nd_#2,10.121.51.153
503_2nd_#3,10.121.51.154
503_2nd_#4,10.121.51.155
503_2nd_#5,10.121.51.159
503_2nd_#6,10.121.51.192
503_2nd_#7,10.121.51.193
503_2nd_#8,10.121.51.194
503_2nd_#9,10.121.51.195
503_2nd_#10,10.121.51.196
503_2nd_#11,10.121.51.197
503_2nd_#12,10.121.51.229
504_1st_#1,10.121.1.38
504_1st_#2,10.121.1.39
504_1st_#3,10.121.1.40
504_1st_#4,10.121.1.41
504_1st_#5,10.121.1.42
504_1st_#6,10.121.1.43
504_1st_#7,10.121.1.44
504_1st_#8,10.121.1.45
504_1st_#9,10.121.1.46
504_1st_#10,10.121.1.47
504_1st_#11,10.121.1.48
504_1st_#12,10.121.1.49
504_2nd_#1,10.121.1.50
504_2nd_#2,10.121.1.51
504_2nd_#3,10.121.1.52
504_2nd_#4,10.121.1.53
504_2nd_#5,10.121.1.54
504_2nd_#6,10.121.1.55
504_2nd_#7,10.121.1.56
504_2nd_#8,10.121.1.57
504_2nd_#9,10.121.1.58
504_2nd_#10,10.121.1.59
504_2nd_#11,10.121.1.60
504_2nd_#12,10.121.1.61
505L_1st_#1,10.121.56.120
505L_1st_#2,10.121.56.118
505L_1st_#3,10.121.56.119
505L_1st_#4,10.121.56.117
505L_1st_#5,10.121.56.116
505L_1st_#6,10.121.56.114
505L_1st_#7,10.121.56.115
505L_1st_#8,10.121.56.113
505L_1st_#9,10.121.56.112
505L_1st_#10,10.121.56.110
505L_1st_#11,10.121.56.111
505L_1st_#12,10.121.56.109
505L_2nd_#1,10.121.56.125
505L_2nd_#2,10.121.56.132
505L_2nd_#3,10.121.56.131
505L_2nd_#4,10.121.56.126
505L_2nd_#5,10.121.55.211
505L_2nd_#6,10.121.56.129
505L_2nd_#7,10.121.56.124
505L_2nd_#8,10.121.54.144
505L_2nd_#9,10.121.56.128
505L_2nd_#10,10.121.56.127
505L_2nd_#11,10.121.56.122
505L_2nd_#12,10.121.56.121
506L_1st_#1,10.121.2.38
506L_1st_#2,10.121.2.39
506L_1st_#3,10.121.2.40
506L_1st_#4,10.121.2.41
506L_1st_#5,10.121.2.42
506L_1st_#6,10.121.2.43
506L_1st_#7,10.121.2.44
506L_1st_#8,10.121.2.45
506L_1st_#9,10.121.2.46
506L_1st_#10,10.121.2.47
506L_1st_#11,10.121.2.48
506L_1st_#12,10.121.2.49
506L_2nd_#1,10.121.2.50
506L_2nd_#2,10.121.2.51
506L_2nd_#3,10.121.2.52
506L_2nd_#4,10.121.2.53
506L_2nd_#5,10.121.2.54
506L_2nd_#6,10.121.2.55
506L_2nd_#7,10.121.2.56
506L_2nd_#8,10.121.2.57
506L_2nd_#9,10.121.2.58
506L_2nd_#10,10.121.2.59
506L_2nd_#11,10.121.2.60
506L_2nd_#12,10.121.2.61
H13F MGIB#1,10.119.159.108
H13F MGIB#2,10.119.159.109
H13F MGIB#3,10.119.159.110
H13F MGIB#4,10.119.159.111
H13F MGIB#5,10.119.159.38
H13F PGIB#6,10.119.160.173
H13F PGIB#9,10.119.159.55
H13F PGIB#10,10.119.160.36
H13F PGIB#11,10.119.161.117
H13F PGIB#12,10.119.161.233
H13F PGIB#13,10.119.160.171
H13F PGIB#14,10.119 159.222
H13F PGIB#15,10.119.160.172
H24F PGIB#1,10.121.45.149
H24F PGIB#2,10.121.41.217
H24F PGIB#4,10.121.44.122
H24F PGIB#8,10.121.45.243
H24F PGIB#9,10.121.46.104
H24F MGIB#2,10.121.44.178
H24F MGIB#3,10.121.45.244
H24F MGIB#4,10.121.41.186
H25F MGIB 501#1,10.121.53.14
H25F MGIB 501#2,10.121.53.15
H25F MGIB 501_2nd_#1,10.121.53.16
H25F MGIB 501_2nd_#2,10.121.53.17
H25F PGIB 502#1,10.121.51.22
H25F PGIB 502#2,10.121.51.23
H25F PGIB 502#3,10.121.51.24
H25F PGIB 502#4,10.121.51.25
H25F PGIB 502_2nd_#1,10.121.51.26
H25F PGIB 502_2nd_#2,10.121.51.50
H25F PGIB 502_2nd_#3,10.121.51.51
H25F PGIB 502_2nd_#4,10.121.51.52
H25F MGIB 503#1,10.121.1.165
H25F MGIB 503#2,10.121.1.166
H25F MGIB 503_2nd_#1,10.121.1.167
H25F MGIB 503_2nd_#2,10.121.1.168
H25F PGIB 504#1,10.121.1.188
H25F PGIB 504#2,10.121.1.189
H25F PGIB 504#3,10.121.1.190
H25F PGIB 504#4,10.121.1.191
H25F PGIB 504_2nd_#1,10.121.1.192
H25F PGIB 504_2nd_#2,10.121.1.193
H25F PGIB 504_2nd_#3,10.121.1.194
H25F PGIB 504_2nd_#4,10.121.1.195
X1080#1,10.121.45.199
X1080#2,10.121.45.200
X1080#3,10.121.45.201
X1080#4,10.121.45.194
