<?xml version="1.0" encoding="utf-8"?>
<LensCosineCorrection xmlns:xsd="http://www.w3.org/2001/XMLSchema" xmlns:xsi="http://www.w3.org/2001/XMLSchema-instance">
  <SerialNumber>camerasn</SerialNumber>
  <NormalFileName>model_camerasn_color.csv</NormalFileName>
  <NormalFileSmoothFilter>
    <Width>300</Width>
    <Height>300</Height>
  </NormalFileSmoothFilter>
  <CosineCorrection>0, 0</CosineCorrection>
  <VerticalGradient>0.5, 1</VerticalGradient>
  <HorizontalGradient>0, 0</HorizontalGradient>
  <Vignetting>850p, 0, 1.015</Vignetting>
  <BorderAttenuation>0,0,0,0,0,0,0,0</BorderAttenuation>
</LensCosineCorrection>